Nom sous-catégorie,Lien
استشارات شخصية,https://khamsat.com/lifestyle/life-coaching
صحة وتغذية,https://khamsat.com/lifestyle/nutrition
سياحة وسفر,https://khamsat.com/lifestyle/travel-advice
فنون وحرف,https://khamsat.com/lifestyle/craft-lessons
توجيه وإرشاد مهني,https://khamsat.com/lifestyle/career-counseling
لياقة بدنية,https://khamsat.com/lifestyle/fitness-lessons
موضة وجمال,https://khamsat.com/lifestyle/beauty-fashion
تعليم الطبخ,https://khamsat.com/lifestyle/cooking-lessons
ألعاب,https://khamsat.com/lifestyle/game-coaching
