Nom,Lien
تصميم,https://khamsat.com/designing
برمجة وتطوير,https://khamsat.com/programming
فيديو وأنيميشن,https://khamsat.com/video-design
هندسة وعمارة,https://khamsat.com/engineering
تسويق رقمي,https://khamsat.com/marketing
أعمال,https://khamsat.com/business
صوتيات,https://khamsat.com/audio
أسلوب حياة,https://khamsat.com/lifestyle
كتابة وترجمة,https://khamsat.com/writing
بيانات,https://khamsat.com/data
تعليم عن بعد,https://khamsat.com/training
ذكاء اصطناعي,https://khamsat.com/ai-services
